{"sections":{"image_banner":{"type":"image-banner","blocks":{"heading":{"type":"heading","settings":{"heading":"","heading_size":"h0"}}},"block_order":["heading"],"settings":{"image":"shopify:\/\/shop_images\/Black_Elegant_New_Collection_Fashion_Brand_Website_Homepage_Banner-min-min_1_1_1_1.png","image_overlay_opacity":0,"image_height":"medium","desktop_content_position":"bottom-center","show_text_box":false,"desktop_content_alignment":"center","color_scheme":"scheme-3","image_behavior":"none","mobile_content_alignment":"center","stack_images_on_mobile":false,"show_text_below":false}},"featured_collection":{"type":"featured-collection","settings":{"title":"Featured products","heading_size":"h2","description":"","show_description":false,"description_style":"body","collection":"all","products_to_show":8,"columns_desktop":4,"full_width":false,"show_view_all":true,"view_all_style":"solid","enable_desktop_slider":false,"color_scheme":"scheme-1","image_ratio":"adapt","image_shape":"default","show_secondary_image":true,"show_vendor":false,"show_rating":false,"quick_add":"none","columns_mobile":"2","swipe_on_mobile":false,"padding_top":44,"padding_bottom":36}},"collection_list_Q9MVjK":{"type":"collection-list","blocks":{"featured_collection_Di9Hyj":{"type":"featured_collection","settings":{"collection":"light-up-your-house-like-no-other"}},"featured_collection_eDBKwJ":{"type":"featured_collection","settings":{"collection":"fire-flame"}}},"block_order":["featured_collection_Di9Hyj","featured_collection_eDBKwJ"],"settings":{"title":"Collections","heading_size":"h1","image_ratio":"square","columns_desktop":4,"color_scheme":"","show_view_all":false,"columns_mobile":"2","swipe_on_mobile":false,"padding_top":36,"padding_bottom":32}},"multirow_XdiYbC":{"type":"multirow","blocks":{"row_J7Fmwy":{"type":"row","settings":{"image":"shopify:\/\/shop_images\/fe5cd3de50f0da55e43f6f58edfbebe6.jpg","caption":"","heading":"3D Moon Indoor & Outdoor Wall Lamp","text":"<p>Light up your living room, bedroom, patio, or garden with captivating lunar magic. Designed for both indoor and outdoor spaces, this 3D Crescent Moon Lamp is based on NASA satellite imagery of the Moon's surface—painstakingly recreating every detail in high-quality resin for a realistic look. Easily switch the color temperature from bright white, to a warm golden glow and create the perfect ambiance for any occasion. <\/p><p>— Materials: Resin, Aluminum Alloy<\/p><p>— Measurements: 24.4\"Ø x 2\"D <\/p><p>— Color Temperature: 3000 - 6000 K <\/p><p>— Product Weight: 12.5 lb <\/p><p>— Wattage: 31W<\/p>","button_label":"Button label","button_link":"shopify:\/\/products\/3d-moon-indoor-outdoor-wall-lamp"}},"row_DVEwKj":{"type":"row","settings":{"image":"shopify:\/\/shop_images\/bf4ac93b28c2491341bc0a894d841313.jpg","caption":"","heading":"Tripod Indoor & outdoor Ethanol Fireplace","text":"<p>Cozy warmth meets rustic style in an ethanol fireplace. The combination of beautiful wooden tripod legs and a metal dome makes it a piece you will be proud to display, both indoors and outdoors. The fireplace is easy to light and extinguish, smoke and mess free, and requires no additional ventilation or clean up. In comparison to conventional fossil fuel fires and wood burners, bio ethanol fuels produce clean, safe, and smokeless warmth. Simply fill the fuel in the burner, light up, and enjoy the tranquil ambiance as you wind up the evening or entertain guests at home.<\/p><h2>Specifications<\/h2><p><strong>＋ Product Details<\/strong><\/p><p>— Color: Black<br\/>— Materials: Metal, Wood<br\/>— Measurements: 20.5\"L x 18.9\"W x 43.7\"H<br\/>— Origin: China<br\/>— Warranty: Manufacture's 1 Year<br\/>— No Ventilation Or Cleanup Needed<br\/>— Made From High Temperature Resistance Metal<br\/>— Suitable For Indoor & Outdoor Use<br\/>— Easy To Light & Extinguish<br\/>— Smoke & Mess-Free<br\/>— Compatible Fuels: Isopropyl Alcohol, Rubbing Alcohol or Bioethanol<br\/>— Burner Capacity: 250ml<br\/>— Burning Time: 2-3 Hours<br\/>— Flame height: 15-20 cm<br\/>— Fuel Not Included<br\/>— Weight: 13.4 lb<\/p><p>Note: There is a fire retardant sponge inside the fuel tank, which a bsorbs the ethanol, prevents it from spilling and flames from spreading outwards if the stove is tipped over. This firepit comes also with a fire suppression cover. Simply put it on the container and the fire will go out instant.<\/p>","button_label":"Button label","button_link":"shopify:\/\/products\/tripod-indoor-outdoor-ethanol-fireplace"}},"row_qxkwwF":{"type":"row","settings":{"image":"shopify:\/\/shop_images\/8f51db5e5e7e0176c065bf33a5059e2f.jpg","caption":"","heading":"Portable Aroma Diffuser, Atomizer Air Flame Humidifier","text":"<h2>This compact and stylish device combines the benefits of aromatherapy, air purification, and humidification in one. Its advanced atomizer technology ensures a fine mist that disperses your favorite essential oils evenly, creating a calming ambiance. The flame effect adds a touch of elegance and warmth to any room. Perfect for home, office, or travel, this portable diffuser is easy to use and provides continuous, quiet operation. Elevate your space with the soothing scents and clean air of this versatile humidifier.<br\/><br\/>— Size: 6.7\"L x 3\"W x 4\"H<br\/>— Weight: 1 lb<br\/>— Ultrasonic atomization technology produces ultra-fine mist<br\/>— Material: ABS,Silicone<br\/>— LED ambient light<br\/>— Water Capacity: 200ml<br\/>— Spray volume: 100 - 150ml\/h<br\/>— Operation Time: 4h<br\/>— Rated voltage: 5V<br\/>— Support essential oil<br\/>— Noise: 20-30 dB<br\/>— Package includes: humidifier*1, instructions*1,Type-C cord*1<br\/>— Power-off protection<\/h2>","button_label":"Button label","button_link":"shopify:\/\/products\/portable-aroma-diffuser-atomizer-air-flame-humidifier"}}},"block_order":["row_J7Fmwy","row_DVEwKj","row_qxkwwF"],"settings":{"image_height":"medium","desktop_image_width":"medium","heading_size":"h1","text_style":"body","button_style":"secondary","desktop_content_position":"middle","desktop_content_alignment":"left","image_layout":"alternate-left","section_color_scheme":"","row_color_scheme":"","mobile_content_alignment":"left","padding_top":36,"padding_bottom":36}},"image_with_text_dhxAma":{"type":"image-with-text","blocks":{"heading_TwTP6t":{"type":"heading","settings":{"heading":"About Us:","heading_size":"h1"}},"text_9FPGnA":{"type":"text","settings":{"text":"<p>ARtrendyshop is one of the world's leading online discount stores. We are a fast growing company because we always put the customer first. A customer centered shopping experience has always been our goal, and we pride ourselves in our comprehensive policies that have put us in a realm above and beyond our competitors. Here at ARtrendyshop we believe in passing along deeply discounted sale prices to our customers,typically saving them 30-70% off of retail costs.<br\/>Our company is built on three core principles:<br\/>1. Excellent products<br\/>2. Excellent prices<br\/>3. Excellent customer service<br\/>We believe that serving our customers upholds a responsibility to ensure that they are satisfied with their purchases. We will do our best to make sure that our customers are happy. We believe we can create a good impact in the industry forever by focusing on our customers' needs.<br\/>We're glad you've found your way to the online store that's known not only for the deep discounts but also for our top-notch customer service. We hope you'll be back often and spread the word to all your friends! Shop with us today and see the.ARtrendyshop difference.<br\/><\/p>","text_style":"body"}}},"block_order":["heading_TwTP6t","text_9FPGnA"],"settings":{"image":"shopify:\/\/shop_images\/2550177-67c88f3565347bd7ae240d32-5b7c8124-caeb-4021-9456-86043297d5b9.jpg","height":"adapt","desktop_image_width":"medium","layout":"image_first","desktop_content_position":"bottom","desktop_content_alignment":"center","content_layout":"no-overlap","section_color_scheme":"","color_scheme":"","image_behavior":"none","mobile_content_alignment":"left","padding_top":36,"padding_bottom":36}},"multicolumn_tjTkL6":{"type":"multicolumn","blocks":{"column_PAr33p":{"type":"column","settings":{"image":"shopify:\/\/shop_images\/2550177-67c88f3565347bd7ae240d32-af4df9ba-812a-45c7-960e-7871da086a78.jpg","title":"Jennifer","text":"<p>\"Amazing shopping experience! The website is easy to navigate, and my order arrived earlier than expected. The product quality exceeded my expectations. Highly recommend this store!\"<\/p>","link_label":"","link":""}},"column_6iRifb":{"type":"column","settings":{"image":"shopify:\/\/shop_images\/2550177-67c88f3565347bd7ae240d32-96d580be-a73c-4218-b801-511f8e819943.jpg","title":"Samanta Park","text":"<p>\"Excellent customer service! I had a question about sizing, and their support team responded quickly and was very helpful. My order was packaged beautifully and arrived in perfect condition. Will definitely shop here again!\"<\/p>","link_label":"","link":""}},"column_JVUVXz":{"type":"column","settings":{"image":"shopify:\/\/shop_images\/2550177-67c88f3565347bd7ae240d32-aec5b8e0-c831-4594-b04b-2c55c19a7166.jpg","title":"Amanda","text":"<p>\"Super impressed with the variety of products and the great prices! Everything I ordered was exactly as described, and the checkout process was smooth. A trustworthy and reliable online shop!\"<\/p>","link_label":"","link":""}},"column_fkPgeq":{"type":"column","settings":{"image":"shopify:\/\/shop_images\/2550177-67c88f3565347bd7ae240d32-9a067a1f-89d3-4b65-9ea4-d38ae0c9f296.jpg","title":"David Kim","text":"<p>\"Five stars! ⭐⭐⭐⭐⭐ The product quality is top-notch, and the shipping was super fast. I love the attention to detail in the packaging. Can't wait to place my next order!<\/p>","link_label":"","link":""}}},"block_order":["column_PAr33p","column_6iRifb","column_JVUVXz","column_fkPgeq"],"settings":{"title":"Multicolumn","heading_size":"h1","image_width":"full","image_ratio":"adapt","columns_desktop":3,"column_alignment":"left","background_style":"primary","button_label":"Button label","button_link":"shopify:\/\/collections\/frontpage","color_scheme":"","columns_mobile":"1","swipe_on_mobile":false,"padding_top":36,"padding_bottom":36}},"slideshow_bgHzhw":{"type":"slideshow","blocks":{"slide_nkzAQ4":{"type":"slide","settings":{"image":"shopify:\/\/shop_images\/2550177-67c88f3565347bd7ae240d32-e1e1e813-e1c7-485e-8b2c-38c0a715b74c.png","heading":"Luxury lifestyle","heading_size":"h1","subheading":"","button_label":"","link":"","button_style_secondary":false,"box_align":"middle-center","show_text_box":true,"text_alignment":"center","image_overlay_opacity":0,"color_scheme":"","text_alignment_mobile":"center"}},"slide_BDyTNa":{"type":"slide","settings":{"image":"shopify:\/\/shop_images\/2550177-67c88f3565347bd7ae240d32-17197d6f-126b-4323-bed0-e0a281fdcf4f.png","heading":"Chic is all you wanted","heading_size":"h1","subheading":"","button_label":"","link":"","button_style_secondary":false,"box_align":"middle-center","show_text_box":true,"text_alignment":"center","image_overlay_opacity":0,"color_scheme":"","text_alignment_mobile":"center"}}},"block_order":["slide_nkzAQ4","slide_BDyTNa"],"settings":{"layout":"full_bleed","slide_height":"medium","slider_visual":"counter","auto_rotate":false,"change_slides_speed":5,"image_behavior":"none","show_text_below":true,"accessibility_info":"Slideshow about our brand"}},"image_banner_QfdURU":{"type":"image-banner","blocks":{"heading_pDVgkW":{"type":"heading","settings":{"heading":"","heading_size":"h1"}}},"block_order":["heading_pDVgkW"],"settings":{"image":"shopify:\/\/shop_images\/2550177-67c88f3565347bd7ae240d32-c47254f9-cf5c-4645-9100-7dbe6cf6e9df.jpg","image_overlay_opacity":0,"image_height":"large","desktop_content_position":"bottom-center","show_text_box":true,"desktop_content_alignment":"center","color_scheme":"","image_behavior":"none","mobile_content_alignment":"center","stack_images_on_mobile":true,"show_text_below":true}}},"order":["image_banner","featured_collection","collection_list_Q9MVjK","multirow_XdiYbC","image_with_text_dhxAma","multicolumn_tjTkL6","slideshow_bgHzhw","image_banner_QfdURU"]}